sheet	code	similar	sales	stock	first_reorder_0628	reorder_request_i13	png
SS31 IN	WA2602SS31IN	WA2502SS11	1260	1614	0	0	SS31_IN_WA2602SS31IN.png
SS11 SB	WA2602SS11SB	WA2502SS12	354	648	0	500	SS11_SB_WA2602SS11SB.png
SS11 NA	WA2602SS11NA	WA2502SS12	229	571	0	0	SS11_NA_WA2602SS11NA.png
SO32 IN	WA2602SO32IN	WA2502SO11	658	1151	0	1800	SO32_IN_WA2602SO32IN.png
SO31 BL	WA2602SO31BL	WA2502SO12	364	1018	0	1600	SO31_BL_WA2602SO31BL.png
SO13 BK	WA2602SO13BK	WA2502ST08GN	219	551	0	500	SO13_BK_WA2602SO13BK.png
ST01 PI	WA2602ST01PI	WA2502ST01	305	179	0	0	ST01_PI_WA2602ST01PI.png
ST01 LY	WA2602ST01LY	WA2502ST01	788	1083	0	500	ST01_LY_WA2602ST01LY.png
ST01 BL	WA2602ST01BL	WA2502ST01	345	166	0	0	ST01_BL_WA2602ST01BL.png
ST01 BK	WA2602ST01BK	WA2502ST01	3661	8284	0	0	ST01_BK_WA2602ST01BK.png
STS1 PI	WA2602STS1PI	WA2502ST08GN	214	110	0	500	STS1_PI_WA2602STS1PI.png
STS1 WH	WA2602STS1WH	WA2502ST08GN	198	449	0	500	STS1_WH_WA2602STS1WH.png
STS3 GN	WA2602STS3GN	WA2502ST08GN	144	180	0	500	STS3_GN_WA2602STS3GN.png
STS3 CM	WA2602STS3CM	WA2502ST08GN	386	258	0	800	STS3_CM_WA2602STS3CM.png
STS5 LG	WA2602STS5LG	WA2502ST08GN	170	475	0	0	STS5_LG_WA2602STS5LG.png
STS5 BL	WA2602STS5BL	WA2502ST08GN	189	147	0	500	STS5_BL_WA2602STS5BL.png
ST15 YE	WA2602ST15YE	WA2502ST08GN	388	265	0	0	ST15_YE_WA2602ST15YE.png
ST19 WH	WA2602ST19WH	WA2502ST26	1120	-88	1300	500	ST19_WH_WA2602ST19WH.png
ST19 CH	WA2602ST19CH	WA2502ST26	976	416	1000	600	ST19_CH_WA2602ST19CH.png
ST22 CM	WA2602ST22CM	WA2502ST08GN	459	523	0	500	ST22_CM_WA2602ST22CM.png
