goodsNo,brandName,goodsName,materialGroup,bestRank,appearances,top10Count,top20Count,rankScore,reviewCount,reviewScore,price,goodsLinkUrl,contexts
3886780,허그본,[2PACK]무지 머슬핏 반팔 5컬러,면 100 / 기본 코튼,2,4,2,4,178,3458,98,45000,https://www.musinsa.com/products/3886780,2팩 / 상의>반소매 티셔츠 / 11위 | 2팩 / 스포츠/레저>상의>반소매 티셔츠 / 2위 | 2PACK / 상의>반소매 티셔츠 / 11위 | 2PACK / 스포츠/레저>상의>반소매 티셔츠 / 2위
2034137,무신사 스탠다드,릴렉스 핏 크루 넥 티셔츠 2팩,면 100 / 기본 코튼,1,3,3,3,148,53389,98,29490,https://www.musinsa.com/products/2034137,투팩 / 상의>반소매 티셔츠 / 1위 | 2팩 / 상의>반소매 티셔츠 / 2위 | 2PACK / 상의>반소매 티셔츠 / 2위
2035287,무신사 스탠다드,[쿨탠다드] 릴렉스 핏 크루 넥 티셔츠 2팩,기능성 쿨링,2,3,3,3,139,28167,98,35790,https://www.musinsa.com/products/2035287,투팩 / 상의>반소매 티셔츠 / 2위 | 2팩 / 상의>반소매 티셔츠 / 6위 | 2PACK / 상의>반소매 티셔츠 / 6위
2050094,무신사 스탠다드,베이식 크루 넥 티셔츠 2팩,면 100 / 기본 코튼,3,3,3,3,136,19476,98,30190,https://www.musinsa.com/products/2050094,투팩 / 상의>반소매 티셔츠 / 3위 | 2팩 / 상의>반소매 티셔츠 / 7위 | 2PACK / 상의>반소매 티셔츠 / 7위
1848166,커버낫,[2PACK] 쿨 코튼 티셔츠 Black+White,쿨코튼/아이스코튼,4,3,3,3,129,49095,98,39200,https://www.musinsa.com/products/1848166,투팩 / 상의>반소매 티셔츠 / 4위 | 2팩 / 상의>반소매 티셔츠 / 10위 | 2PACK / 상의>반소매 티셔츠 / 10위
2724650,무신사 스탠다드 우먼,우먼즈 베이식 크루 넥 티셔츠 2팩,면 100 / 기본 코튼,5,3,1,3,116,8234,98,27030,https://www.musinsa.com/products/2724650,투팩 / 상의>반소매 티셔츠 / 5위 | 2팩 / 상의>반소매 티셔츠 / 16위 | 2PACK / 상의>반소매 티셔츠 / 16위
3953567,바이젝,[SET] 퍼펙트 특양면 오버핏 숄더 2중절개 무지 반팔 티셔츠_7Color,면 100 / 기본 코튼,4,4,2,2,114,732,98,70200,https://www.musinsa.com/products/3953567,2팩 / 상의>반소매 티셔츠 / 41위 | 2팩 / 스포츠/레저>상의>반소매 티셔츠 / 4위 | 2PACK / 상의>반소매 티셔츠 / 41위 | 2PACK / 스포츠/레저>상의>반소매 티셔츠 / 4위
2518417,지프,[2PACK] 190g 싱글 더 레거시 반팔 티셔츠 (JR5TSU153BK),면 100 / 기본 코튼,1,2,2,2,100,10451,96,37900,https://www.musinsa.com/products/2518417,2팩 / 상의>반소매 티셔츠 / 1위 | 2PACK / 상의>반소매 티셔츠 / 1위
3052664,무신사 스탠다드 우먼,[쿨탠다드] 우먼즈 베이식 크루 넥 티셔츠 2팩,기능성 쿨링,6,3,1,1,99,3022,98,33830,https://www.musinsa.com/products/3052664,투팩 / 상의>반소매 티셔츠 / 6위 | 2팩 / 상의>반소매 티셔츠 / 24위 | 2PACK / 상의>반소매 티셔츠 / 24위
4987047,제멋,[2PACK] 보이 크롭 반팔티셔츠 KJST2619,기타 코튼·혼방,3,2,2,2,96,3902,96,33900,https://www.musinsa.com/products/4987047,2팩 / 상의>반소매 티셔츠 / 3위 | 2PACK / 상의>반소매 티셔츠 / 3위
4838119,프린트스타,[2PACK] 14수 7.4oz 헤비웨이트 라운드 오버핏 무지 반팔 티셔츠,면 100 / 기본 코튼,4,2,2,2,94,3103,96,25490,https://www.musinsa.com/products/4838119,2팩 / 상의>반소매 티셔츠 / 4위 | 2PACK / 상의>반소매 티셔츠 / 4위
2976550,무신사 스탠다드,[쿨탠다드] 오버사이즈 크루 넥 티셔츠 2팩,기능성 쿨링,7,3,1,1,88,3839,98,49190,https://www.musinsa.com/products/2976550,투팩 / 상의>반소매 티셔츠 / 7위 | 2팩 / 상의>반소매 티셔츠 / 29위 | 2PACK / 상의>반소매 티셔츠 / 29위
2122566,무신사 스탠다드,레이어드 크루 넥 티셔츠_일반 기장 2팩,면 100 / 기본 코튼,8,2,2,2,86,36425,98,29190,https://www.musinsa.com/products/2122566,2팩 / 상의>반소매 티셔츠 / 8위 | 2PACK / 상의>반소매 티셔츠 / 8위
3094901,몰든,[2pack] 클래식 머슬핏 무지 티셔츠,면 100 / 기본 코튼,8,2,2,2,86,2523,98,49600,https://www.musinsa.com/products/3094901,2팩 / 스포츠/레저>상의>반소매 티셔츠 / 8위 | 2PACK / 스포츠/레저>상의>반소매 티셔츠 / 8위
4797802,커버낫,[2PACK] 쿨 코튼 티셔츠 Black+Black,쿨코튼/아이스코튼,8,3,1,1,85,585,98,39200,https://www.musinsa.com/products/4797802,투팩 / 상의>반소매 티셔츠 / 8위 | 2팩 / 상의>반소매 티셔츠 / 30위 | 2PACK / 상의>반소매 티셔츠 / 30위
2442409,예일,[16수 코마사] 2PACK 스몰아치 반팔티셔츠 화이트/블랙,면 100 / 기본 코튼,9,2,2,2,84,25983,96,33800,https://www.musinsa.com/products/2442409,2팩 / 상의>반소매 티셔츠 / 9위 | 2PACK / 상의>반소매 티셔츠 / 9위
3204895,나인제트,[2PACK] 시그니처 코튼 머슬핏 티셔츠 NSTS01,면 100 / 기본 코튼,12,2,0,2,78,1165,96,51000,https://www.musinsa.com/products/3204895,2팩 / 스포츠/레저>상의>반소매 티셔츠 / 12위 | 2PACK / 스포츠/레저>상의>반소매 티셔츠 / 12위
3223006,브렌슨,( 2PACK ) 퓨어코튼 루즈핏 체인 반팔티,면 100 / 기본 코튼,12,2,0,2,78,6466,96,19900,https://www.musinsa.com/products/3223006,2팩 / 상의>반소매 티셔츠 / 12위 | 2PACK / 상의>반소매 티셔츠 / 12위
2976549,무신사 스탠다드,[쿨탠다드] 베이식 크루 넥 티셔츠 2팩,기능성 쿨링,13,2,0,2,76,8890,98,35790,https://www.musinsa.com/products/2976549,2팩 / 상의>반소매 티셔츠 / 13위 | 2PACK / 상의>반소매 티셔츠 / 13위
3094965,몰든,[2pack] 스탠다드 머슬핏 무지 반팔 티셔츠,면 100 / 기본 코튼,13,2,0,2,76,1818,98,49600,https://www.musinsa.com/products/3094965,2팩 / 스포츠/레저>상의>반소매 티셔츠 / 13위 | 2PACK / 스포츠/레저>상의>반소매 티셔츠 / 13위
2479911,쿠어,[2PACK] 수피마 코튼 티셔츠,면 100 / 기본 코튼,14,2,0,2,74,12519,98,44900,https://www.musinsa.com/products/2479911,2팩 / 상의>반소매 티셔츠 / 14위 | 2PACK / 상의>반소매 티셔츠 / 14위
4802889,코닥,[2PACK] 에센셜 2 PACK 반팔티셔츠 MULTI,면 100 / 기본 코튼,1,2,1,1,73,5,96,69000,https://www.musinsa.com/products/4802889,투팩 / 상의>반소매 티셔츠 / 28위 | 투팩 / 스포츠/레저>상의>반소매 티셔츠 / 1위
3727165,트리플에이,2PACK 1301 베이식 반팔 티셔츠 18수,면 100 / 기본 코튼,15,2,0,2,72,882,94,21900,https://www.musinsa.com/products/3727165,2팩 / 상의>반소매 티셔츠 / 15위 | 2PACK / 상의>반소매 티셔츠 / 15위
3953843,바이젝,[SET] 퍼펙트 특양면 무지 머슬핏 반팔 티셔츠_7Color,면 100 / 기본 코튼,15,2,0,2,72,252,96,66600,https://www.musinsa.com/products/3953843,2팩 / 스포츠/레저>상의>반소매 티셔츠 / 15위 | 2PACK / 스포츠/레저>상의>반소매 티셔츠 / 15위
3341803,엘리메노,[2PACK] EL 스트리트 아트워크 오버핏 반팔티 2종 2PACK,기타 코튼·혼방,18,2,0,2,66,0,0,39900,https://www.musinsa.com/products/3341803,2팩 / 상의>반소매 티셔츠 / 18위 | 2PACK / 상의>반소매 티셔츠 / 18위
3417714,무신사 스탠다드 우먼,우먼즈 릴렉스 핏 크루 넥 티셔츠 2팩,면 100 / 기본 코튼,9,3,1,1,64,1847,98,27030,https://www.musinsa.com/products/3417714,투팩 / 상의>반소매 티셔츠 / 9위 | 2팩 / 상의>반소매 티셔츠 / 40위 | 2PACK / 상의>반소매 티셔츠 / 40위
3223007,브렌슨,( 2PACK ) 퓨어코튼 레이어드 체인 반팔티,면 100 / 기본 코튼,19,2,0,2,64,5582,96,19900,https://www.musinsa.com/products/3223007,2팩 / 상의>반소매 티셔츠 / 19위 | 2PACK / 상의>반소매 티셔츠 / 19위
5235120,젝시믹스,[2PACK] 아이스페더 오버핏 티셔츠 XA5392G,기타 코튼·혼방,19,2,0,2,64,98,96,49800,https://www.musinsa.com/products/5235120,2팩 / 스포츠/레저>상의>반소매 티셔츠 / 19위 | 2PACK / 스포츠/레저>상의>반소매 티셔츠 / 19위
345889,페플,[2PACK] 더블코튼 무지반팔  2PACK KHST1011,면 100 / 기본 코튼,20,2,0,2,62,20786,96,31900,https://www.musinsa.com/products/345889,2팩 / 상의>반소매 티셔츠 / 20위 | 2PACK / 상의>반소매 티셔츠 / 20위
3205423,나인제트,[2PACK] 시그니처 헤비메쉬 머슬핏 티셔츠 NSTS03,기타 코튼·혼방,20,2,0,2,62,709,96,53000,https://www.musinsa.com/products/3205423,2팩 / 스포츠/레저>상의>반소매 티셔츠 / 20위 | 2PACK / 스포츠/레저>상의>반소매 티셔츠 / 20위
1685307,마인드브릿지,[3팩]고밀도순면기본반팔티셔츠  MATS0101,기타 코튼·혼방,21,2,0,0,60,21420,96,19900,https://www.musinsa.com/products/1685307,2팩 / 상의>반소매 티셔츠 / 21위 | 2PACK / 상의>반소매 티셔츠 / 21위
4747744,노스페이스,[2PACK] NT7UR37C 남성 더블업 EX 반팔 티셔츠_WHITE,기타 코튼·혼방,21,2,0,0,60,68,96,52000,https://www.musinsa.com/products/4747744,2팩 / 스포츠/레저>상의>반소매 티셔츠 / 21위 | 2PACK / 스포츠/레저>상의>반소매 티셔츠 / 21위
3953901,바이젝,[SET] 더블코튼 무지 머슬핏 반팔 티셔츠_7Color,면 100 / 기본 코튼,22,2,0,0,58,93,96,66600,https://www.musinsa.com/products/3953901,2팩 / 스포츠/레저>상의>반소매 티셔츠 / 22위 | 2PACK / 스포츠/레저>상의>반소매 티셔츠 / 22위
5170645,르아르,[스토커즈 PICK] [2PACK] 에센셜 크롭 티셔츠,면 100 / 기본 코튼,22,2,0,0,58,610,96,59000,https://www.musinsa.com/products/5170645,2팩 / 상의>반소매 티셔츠 / 22위 | 2PACK / 상의>반소매 티셔츠 / 22위
4138850,리,스몰 트위치 로고 2PACK 티셔츠 믹스,기타 코튼·혼방,23,2,0,0,56,874,98,39200,https://www.musinsa.com/products/4138850,2팩 / 상의>반소매 티셔츠 / 23위 | 2PACK / 상의>반소매 티셔츠 / 23위
6372453,험머,[2PACK] 시그니처 레터링 로고 에어 쿨 기능성 반팔 티셔츠,기능성 쿨링,24,2,0,0,54,41,96,25800,https://www.musinsa.com/products/6372453,2팩 / 스포츠/레저>상의>반소매 티셔츠 / 24위 | 2PACK / 스포츠/레저>상의>반소매 티셔츠 / 24위
5945896,디스커스 애슬레틱,2팩 크롭핏 블랭크 티셔츠,기타 코튼·혼방,25,2,0,0,52,619,94,33220,https://www.musinsa.com/products/5945896,2팩 / 상의>반소매 티셔츠 / 25위 | 2PACK / 상의>반소매 티셔츠 / 25위
4986985,페플,[2PACK] 오리지널 16수 무지 반팔티 5종 OGST1900,면 100 / 기본 코튼,26,2,0,0,50,426,94,33900,https://www.musinsa.com/products/4986985,2팩 / 상의>반소매 티셔츠 / 26위 | 2PACK / 상의>반소매 티셔츠 / 26위
6232695,씨큐알,[2PACK]*쿨링 자외선차단 아웃도어 반팔 티셔츠,기타 코튼·혼방,26,2,0,0,50,26,96,29960,https://www.musinsa.com/products/6232695,2팩 / 스포츠/레저>상의>반소매 티셔츠 / 26위 | 2PACK / 스포츠/레저>상의>반소매 티셔츠 / 26위
1420730,그루브라임,[SET] NYC LOCATION T-SHIRT (2STYLE) [LRAMCTR702P/LRAMCTR502P],기타 코튼·혼방,27,2,0,0,48,41984,96,19800,https://www.musinsa.com/products/1420730,2팩 / 상의>반소매 티셔츠 / 27위 | 2PACK / 상의>반소매 티셔츠 / 27위
2350686,내셔널지오그래픽,N265UPA910 유니 메이스 기능성 2PACK 반팔 티셔츠 BLACK,기능성 쿨링,29,2,0,0,44,710,98,69000,https://www.musinsa.com/products/2350686,2팩 / 스포츠/레저>상의>반소매 티셔츠 / 29위 | 2PACK / 스포츠/레저>상의>반소매 티셔츠 / 29위
6155514,본투윈,[2 PACK] ESSENTIAL PACK MUSCLE FIT T-SHIRTS [BLACK WHITE],면 100 / 기본 코튼,30,2,0,0,42,54,98,59000,https://www.musinsa.com/products/6155514,2팩 / 스포츠/레저>상의>반소매 티셔츠 / 30위 | 2PACK / 스포츠/레저>상의>반소매 티셔츠 / 30위
4062147,더블유엠씨,[2PACK] 쿨모션 티셔츠 피그먼트 PACK (피그먼트+피그먼트),기능성 쿨링,10,1,1,1,41,705,96,41300,https://www.musinsa.com/products/4062147,투팩 / 상의>반소매 티셔츠 / 10위
4029367,디스커스 애슬레틱,아이스 코튼 티셔츠 2팩 화이트 & 블랙,쿨코튼/아이스코튼,11,1,0,1,40,608,96,24330,https://www.musinsa.com/products/4029367,투팩 / 상의>반소매 티셔츠 / 11위
4651407,무신사 스탠다드 우먼,우먼즈 슬림 크루 넥 티셔츠 2팩,면 100 / 기본 코튼,31,2,0,0,40,540,96,27030,https://www.musinsa.com/products/4651407,2팩 / 상의>반소매 티셔츠 / 31위 | 2PACK / 상의>반소매 티셔츠 / 31위
6155511,본투윈,[2 PACK] ESSENTIAL PACK MUSCLE FIT T-SHIRTS [BLACK],면 100 / 기본 코튼,31,2,0,0,40,54,98,59000,https://www.musinsa.com/products/6155511,2팩 / 스포츠/레저>상의>반소매 티셔츠 / 31위 | 2PACK / 스포츠/레저>상의>반소매 티셔츠 / 31위
3798402,디스커스 애슬레틱,2팩 블랭크 레이어드 티셔츠,기타 코튼·혼방,12,1,0,1,39,1466,98,29880,https://www.musinsa.com/products/3798402,투팩 / 상의>반소매 티셔츠 / 12위
3417713,무신사 스탠다드 우먼,우먼즈 크루 넥 크롭 티셔츠 2팩,면 100 / 기본 코튼,13,1,0,1,38,2028,98,18060,https://www.musinsa.com/products/3417713,투팩 / 상의>반소매 티셔츠 / 13위
2034139,무신사 스탠다드,폰테 릴렉스 핏 크루 넥 티셔츠 2팩,폰테,14,1,0,1,37,3370,98,49190,https://www.musinsa.com/products/2034139,투팩 / 상의>반소매 티셔츠 / 14위
2122565,무신사 스탠다드,레이어드 크루 넥 티셔츠_긴 기장 2팩,면 100 / 기본 코튼,15,1,0,1,36,7028,96,22990,https://www.musinsa.com/products/2122565,투팩 / 상의>반소매 티셔츠 / 15위
5877406,지프,[2PACK] 190g 싱글 에어그램 반팔 티셔츠 (JR5TSU159BK),면 100 / 기본 코튼,33,2,0,0,36,170,96,37900,https://www.musinsa.com/products/5877406,2팩 / 상의>반소매 티셔츠 / 33위 | 2PACK / 상의>반소매 티셔츠 / 33위
4797799,커버낫,[2PACK] 스몰 아치 로고 티셔츠 White,기타 코튼·혼방,16,1,0,1,35,175,98,39200,https://www.musinsa.com/products/4797799,투팩 / 상의>반소매 티셔츠 / 16위
5177999,트래블,[2-PACK] 시그니처 그래픽 반팔티,기타 코튼·혼방,17,1,0,1,34,39,92,45000,https://www.musinsa.com/products/5177999,투팩 / 상의>반소매 티셔츠 / 17위
1943792,커버낫,[2PACK] 쿨 코튼 티셔츠 White+White,쿨코튼/아이스코튼,34,2,0,0,34,6923,98,39200,https://www.musinsa.com/products/1943792,2팩 / 상의>반소매 티셔츠 / 34위 | 2PACK / 상의>반소매 티셔츠 / 34위
4009953,모즈모즈,[2PACK] 쿨링 메쉬 로고자수 반팔티셔츠,기타 코튼·혼방,34,2,0,0,34,120,98,35200,https://www.musinsa.com/products/4009953,2팩 / 스포츠/레저>상의>반소매 티셔츠 / 34위 | 2PACK / 스포츠/레저>상의>반소매 티셔츠 / 34위
4703553,마크곤잘레스,엔젤 쿨코튼 2PACK 반팔 티셔츠 - BLACK,쿨코튼/아이스코튼,18,1,0,1,33,100,98,46550,https://www.musinsa.com/products/4703553,투팩 / 상의>반소매 티셔츠 / 18위
2034140,무신사 스탠다드,오버사이즈 크루 넥 티셔츠 2팩,면 100 / 기본 코튼,19,1,0,1,32,1196,96,31790,https://www.musinsa.com/products/2034140,투팩 / 상의>반소매 티셔츠 / 19위
3791909,벤시몽,[2PACK] ESSENTIAL T-SHIRTS,면 100 / 기본 코튼,21,1,0,0,30,446,94,29400,https://www.musinsa.com/products/3791909,투팩 / 상의>반소매 티셔츠 / 21위
2350683,내셔널지오그래픽,N265UPA910 유니 메이스 기능성 2PACK 반팔 티셔츠 WHITE,기능성 쿨링,36,2,0,0,30,820,96,69000,https://www.musinsa.com/products/2350683,2팩 / 스포츠/레저>상의>반소매 티셔츠 / 36위 | 2PACK / 스포츠/레저>상의>반소매 티셔츠 / 36위
6009316,테이크이지,[기획] (2PACK 코튼16수) 솔리드 크롭 티셔츠 - 3 COLOR,면 100 / 기본 코튼,36,2,0,0,30,559,96,28800,https://www.musinsa.com/products/6009316,2팩 / 상의>반소매 티셔츠 / 36위 | 2PACK / 상의>반소매 티셔츠 / 36위
4979700,낫온리포투데이,[2PACK] NOFT 넘버볼 반소매 티셔츠 2팩 (5 Color),기타 코튼·혼방,22,1,0,0,29,51,98,56250,https://www.musinsa.com/products/4979700,투팩 / 상의>반소매 티셔츠 / 22위
4429952,버블피스,[SET] 남여공용 노스텔지아 피그먼트 반팔티셔츠,피그먼트/워싱,23,1,0,0,28,60,98,39800,https://www.musinsa.com/products/4429952,투팩 / 상의>반소매 티셔츠 / 23위
1955452,퍼스텝,[2PACK] 페인트쿨링 피그먼트 반팔 SMST4431,피그먼트/워싱,37,2,0,0,28,7575,96,39800,https://www.musinsa.com/products/1955452,2팩 / 상의>반소매 티셔츠 / 37위 | 2PACK / 상의>반소매 티셔츠 / 37위
4925465,디키즈,[2PACK] 베이직 폰트 로고 티셔츠 White,면 100 / 기본 코튼,26,1,0,0,25,10,86,39200,https://www.musinsa.com/products/4925465,투팩 / 상의>반소매 티셔츠 / 26위
4756337,커버낫,[2PACK] 레이어드 티셔츠 White,기타 코튼·혼방,27,1,0,0,24,13,96,39200,https://www.musinsa.com/products/4756337,투팩 / 상의>반소매 티셔츠 / 27위
3272603,미나브,2PACK 쿨코튼 유넥 반팔 티셔츠,쿨코튼/아이스코튼,39,2,0,0,24,3464,98,45000,https://www.musinsa.com/products/3272603,2팩 / 상의>반소매 티셔츠 / 39위 | 2PACK / 상의>반소매 티셔츠 / 39위
5342685,엔디와이,스몰 로고 반팔 티셔츠 투팩 멀티,기타 코튼·혼방,29,1,0,0,22,2,100,33400,https://www.musinsa.com/products/5342685,투팩 / 상의>반소매 티셔츠 / 29위
6372123,험머,[2PACK] 시그니처 H 로고 에어 쿨 기능성 반팔 티셔츠,기능성 쿨링,40,2,0,0,22,12,96,25800,https://www.musinsa.com/products/6372123,2팩 / 스포츠/레저>상의>반소매 티셔츠 / 40위 | 2PACK / 스포츠/레저>상의>반소매 티셔츠 / 40위
4806164,커버낫 우먼,[2PACK] 우먼 쿨 코튼 에센셜 티셔츠 라이트핑크+헤더그레이,쿨코튼/아이스코튼,30,1,0,0,21,22,96,44100,https://www.musinsa.com/products/4806164,투팩 / 상의>반소매 티셔츠 / 30위
4129667,튜드먼트,FITTED HALF T-SHIRT GREY,기타 코튼·혼방,31,1,0,0,20,19,98,21000,https://www.musinsa.com/products/4129667,투팩 / 상의>반소매 티셔츠 / 31위
4115528,엑서사이즈,[2Pack] Small Cloud T-SHIRT_WHITE / BLACK,기타 코튼·혼방,32,1,0,0,19,43,94,39800,https://www.musinsa.com/products/4115528,투팩 / 상의>반소매 티셔츠 / 32위
4737528,몰든,[2pack] 프리미엄 머슬핏 스몰로고 티셔츠,기타 코튼·혼방,42,2,0,0,18,245,98,50400,https://www.musinsa.com/products/4737528,2팩 / 스포츠/레저>상의>반소매 티셔츠 / 42위 | 2PACK / 스포츠/레저>상의>반소매 티셔츠 / 42위
5342683,엔디와이,스몰 로고 반팔 티셔츠 투팩 화이트,기타 코튼·혼방,34,1,0,0,17,2,100,33400,https://www.musinsa.com/products/5342683,투팩 / 상의>반소매 티셔츠 / 34위
5066014,다미쉬,[2PACK]베이직 세미 크루넥 티셔츠,면 100 / 기본 코튼,35,1,0,0,16,5,92,23400,https://www.musinsa.com/products/5066014,투팩 / 상의>반소매 티셔츠 / 35위
2384820,카멜워크,[2PACK] 어센틱 로고 반팔티셔츠,기타 코튼·혼방,43,2,0,0,16,258,98,36000,https://www.musinsa.com/products/2384820,2팩 / 상의>반소매 티셔츠 / 43위 | 2PACK / 상의>반소매 티셔츠 / 43위
5234792,젝시믹스,[2PACK] 필리퍼 오버핏 티셔츠 XA5204T,기타 코튼·혼방,43,2,0,0,16,37,96,78000,https://www.musinsa.com/products/5234792,2팩 / 스포츠/레저>상의>반소매 티셔츠 / 43위 | 2PACK / 스포츠/레저>상의>반소매 티셔츠 / 43위
4911405,듀테로,투팍 앨범 커버 반팔 티셔츠 오프화이트,기타 코튼·혼방,36,1,0,0,15,0,0,68600,https://www.musinsa.com/products/4911405,투팩 / 상의>반소매 티셔츠 / 36위
4706844,고스트리퍼블릭,[2PACK] 에센셜 스몰 로고 오버핏 반팔티,면 100 / 기본 코튼,44,2,0,0,14,343,96,26900,https://www.musinsa.com/products/4706844,2팩 / 상의>반소매 티셔츠 / 44위 | 2PACK / 상의>반소매 티셔츠 / 44위
4834587,지프,[2PACK] 16수 싱글 에어그램 원마일 반팔 티셔츠 (JR5TSU151BK),면 100 / 기본 코튼,45,2,0,0,12,494,96,51900,https://www.musinsa.com/products/4834587,2팩 / 상의>반소매 티셔츠 / 45위 | 2PACK / 상의>반소매 티셔츠 / 45위
3939545,피지컬가먼츠,[2PACK] 코튼메쉬 자이언트핏 반팔 [5 COLOR],면 100 / 기본 코튼,46,2,0,0,10,212,98,52000,https://www.musinsa.com/products/3939545,2팩 / 스포츠/레저>상의>반소매 티셔츠 / 46위 | 2PACK / 스포츠/레저>상의>반소매 티셔츠 / 46위
5072427,페이크캠퍼,[2PACK] 300g 헤비 피그먼트 디테일 티셔츠 [10COLOR],피그먼트/워싱,46,2,0,0,10,313,94,39920,https://www.musinsa.com/products/5072427,2팩 / 상의>반소매 티셔츠 / 46위 | 2PACK / 상의>반소매 티셔츠 / 46위
5991853,오버캐스트,반팔 티셔츠 투팩 (블랙 그레이),기타 코튼·혼방,42,1,0,0,9,0,0,20800,https://www.musinsa.com/products/5991853,투팩 / 상의>반소매 티셔츠 / 42위
4911441,듀테로,투팍 앨범 커버 반팔 티셔츠 빈티지 블랙,기타 코튼·혼방,43,1,0,0,8,0,0,69300,https://www.musinsa.com/products/4911441,투팩 / 상의>반소매 티셔츠 / 43위
1856360,캘빈클라인 진,[2PACK] 남녀공용 로고 솔리드 반팔 티셔츠 4RAB217 3GE,기타 코튼·혼방,47,2,0,0,8,1439,96,79200,https://www.musinsa.com/products/1856360,2팩 / 상의>반소매 티셔츠 / 47위 | 2PACK / 상의>반소매 티셔츠 / 47위
5178259,나인제트,[2PACK] 시그니처 라이트 듀얼 메쉬 티셔츠 NSTS04,기타 코튼·혼방,47,2,0,0,8,32,100,58000,https://www.musinsa.com/products/5178259,2팩 / 스포츠/레저>상의>반소매 티셔츠 / 47위 | 2PACK / 스포츠/레저>상의>반소매 티셔츠 / 47위
4816550,유씨엘에이,남녀공용 분또 라운드 반팔 티셔츠[BLACK](UBRST82),면 100 / 기본 코튼,45,1,0,0,6,0,0,26100,https://www.musinsa.com/products/4816550,투팩 / 상의>반소매 티셔츠 / 45위
4693679,노이즈,[2PACK] 에센셜 U넥 티셔츠 - 3 COLOR,면 100 / 기본 코튼,48,2,0,0,6,847,94,29800,https://www.musinsa.com/products/4693679,2팩 / 상의>반소매 티셔츠 / 48위 | 2PACK / 상의>반소매 티셔츠 / 48위
3346973,잠뱅이,공용) 투팩 라운드 티셔츠(2pcs/pack)_JN9WTS949-BK,면 100 / 기본 코튼,46,1,0,0,5,0,0,15900,https://www.musinsa.com/products/3346973,투팩 / 상의>반소매 티셔츠 / 46위
5991851,오버캐스트,반팔 티셔츠 투팩 (블랙 화이트),기타 코튼·혼방,47,1,0,0,4,0,0,20800,https://www.musinsa.com/products/5991851,투팩 / 상의>반소매 티셔츠 / 47위
4222318,아르메데스,[2PACK] 기능성 오버핏 반팔 티셔츠 AR-188,기능성 쿨링,49,2,0,0,4,231,96,15900,https://www.musinsa.com/products/4222318,2팩 / 스포츠/레저>상의>반소매 티셔츠 / 49위 | 2PACK / 스포츠/레저>상의>반소매 티셔츠 / 49위
4834586,지프,[2PACK] 190g 싱글 에어그램 머슬핏 반팔 티셔츠 (JQ5TSU152BK),면 100 / 기본 코튼,49,2,0,0,4,261,96,40900,https://www.musinsa.com/products/4834586,2팩 / 상의>반소매 티셔츠 / 49위 | 2PACK / 상의>반소매 티셔츠 / 49위
5991849,오버캐스트,반팔 티셔츠 투팩 (블랙 네이비),기타 코튼·혼방,48,1,0,0,3,0,0,20800,https://www.musinsa.com/products/5991849,투팩 / 상의>반소매 티셔츠 / 48위
4590113,잠뱅이,유니) 투팩 라운드 티셔츠(2PCS / PACK) JO5WTS649-WH,면 100 / 기본 코튼,49,1,0,0,2,1,100,15900,https://www.musinsa.com/products/4590113,투팩 / 상의>반소매 티셔츠 / 49위
2274644,샤카웨어,[2PACK] 7.5oz 헤비웨이트 무지 오버핏 레이어드 반팔티,면 100 / 기본 코튼,50,2,0,0,2,7175,96,31900,https://www.musinsa.com/products/2274644,2팩 / 상의>반소매 티셔츠 / 50위 | 2PACK / 상의>반소매 티셔츠 / 50위
3522305,블랙몬스터핏,[2PACK] 쿨베이스 기능성 라이트 티셔츠 (4color) / BM230120,기능성 쿨링,50,2,0,0,2,88,96,55000,https://www.musinsa.com/products/3522305,2팩 / 스포츠/레저>상의>반소매 티셔츠 / 50위 | 2PACK / 스포츠/레저>상의>반소매 티셔츠 / 50위
3346972,잠뱅이,공용) 투팩 라운드 티셔츠(2pcs/pack)_JN9WTS949-WH,면 100 / 기본 코튼,50,1,0,0,1,0,0,15900,https://www.musinsa.com/products/3346972,투팩 / 상의>반소매 티셔츠 / 50위
